INSERT INTO Brewery(id, name, type, country) VALUES (1, 'Kronenbourg', 'INDUSTRIAL', 'France');
INSERT INTO Brewery(id, name, type, country) VALUES (2, 'La Bière de la Rade', 'CRAFT', 'France');
INSERT INTO Brewery(id, name, type, country) VALUES (3, 'Brasserie Castelain', 'INDUSTRIAL', 'France');
INSERT INTO Brewery(id, name, type, country) VALUES (4, 'Carlsberg', 'INDUSTRIAL', 'Danemark');
INSERT INTO Brewery(id, name, type, country) VALUES (5, 'Sainte-Cru', 'CRAFT', 'France');

INSERT INTO Beer(id, name, brewery_id, alcoholLevel) VALUES (1, '1664', 1, 5.5);
INSERT INTO Beer(id, name, brewery_id, alcoholLevel) VALUES (2, 'Censurée', 2, 5.8);
INSERT INTO Beer(id, name, brewery_id, alcoholLevel) VALUES (3, 'Ch''ti Blonde', 3, 6.4);
INSERT INTO Beer(id, name, brewery_id, alcoholLevel) VALUES (4, 'Skoll', 1, 6.0);
INSERT INTO Beer(id, name, brewery_id, alcoholLevel) VALUES (5, 'Tigre Bock', 1, 5.5);
INSERT INTO Beer(id, name, brewery_id, alcoholLevel) VALUES (6, 'Carlsberg', 4, 5.7);
INSERT INTO Beer(id, name, brewery_id, alcoholLevel) VALUES (7, 'Elephant 1959', 4, 7.2);
INSERT INTO Beer(id, name, brewery_id, alcoholLevel) VALUES (8, 'Red is Dead', 5, 7.2);
INSERT INTO Beer(id, name, brewery_id, alcoholLevel) VALUES (9, 'Apocalypse Now', 5, 8.0);
INSERT INTO Beer(id, name, brewery_id, alcoholLevel) VALUES (10, 'Delicatessen', 5, 6.6);

INSERT INTO Beer_Ingredients(Beer_id, ingredients) VALUES (1, 'Eau');
INSERT INTO Beer_Ingredients(Beer_id, ingredients) VALUES (1, 'Malt d''orge');
INSERT INTO Beer_Ingredients(Beer_id, ingredients) VALUES (1, 'Sirop de glucose');
INSERT INTO Beer_Ingredients(Beer_id, ingredients) VALUES (1, 'Blé');
INSERT INTO Beer_Ingredients(Beer_id, ingredients) VALUES (1, 'Malt de blé');
INSERT INTO Beer_Ingredients(Beer_id, ingredients) VALUES (1, 'Extrait de houblon');
INSERT INTO Beer_Ingredients(Beer_id, ingredients) VALUES (1, 'Sulfates');
INSERT INTO Beer_Ingredients(Beer_id, ingredients) VALUES (3, 'Eau');
INSERT INTO Beer_Ingredients(Beer_id, ingredients) VALUES (3, 'Malts d''orge');
INSERT INTO Beer_Ingredients(Beer_id, ingredients) VALUES (3, 'Sucre');
INSERT INTO Beer_Ingredients(Beer_id, ingredients) VALUES (3, 'Malts de blé');
INSERT INTO Beer_Ingredients(Beer_id, ingredients) VALUES (3, 'Houblon');
INSERT INTO Beer_Ingredients(Beer_id, ingredients) VALUES (4, 'Eau');
INSERT INTO Beer_Ingredients(Beer_id, ingredients) VALUES (4, 'Sucre');
INSERT INTO Beer_Ingredients(Beer_id, ingredients) VALUES (4, 'Arôme');
INSERT INTO Beer_Ingredients(Beer_id, ingredients) VALUES (4, 'Acide citrique (E330)');
INSERT INTO Beer_Ingredients(Beer_id, ingredients) VALUES (4, 'Ecorce d''orange douce');
INSERT INTO Beer_Ingredients(Beer_id, ingredients) VALUES (4, 'Coriandre');
INSERT INTO Beer_Ingredients(Beer_id, ingredients) VALUES (4, 'Malt d''orge');
INSERT INTO Beer_Ingredients(Beer_id, ingredients) VALUES (4, 'Sirop de glucose');
INSERT INTO Beer_Ingredients(Beer_id, ingredients) VALUES (4, 'Extrait de houblon');
INSERT INTO Beer_Ingredients(Beer_id, ingredients) VALUES (5, 'Malt d''orge');
INSERT INTO Beer_Ingredients(Beer_id, ingredients) VALUES (5, 'Sulfites');
INSERT INTO Beer_Ingredients(Beer_id, ingredients) VALUES (6, 'Eau');
INSERT INTO Beer_Ingredients(Beer_id, ingredients) VALUES (6, 'Malt d''orge');
INSERT INTO Beer_Ingredients(Beer_id, ingredients) VALUES (6, 'Extrait de houblon');
INSERT INTO Beer_Ingredients(Beer_id, ingredients) VALUES (7, 'Eau');
INSERT INTO Beer_Ingredients(Beer_id, ingredients) VALUES (7, 'Malt d''orge');
INSERT INTO Beer_Ingredients(Beer_id, ingredients) VALUES (7, 'Extrait de houblon');
INSERT INTO Beer_Ingredients(Beer_id, ingredients) VALUES (7, 'Sulfites');
INSERT INTO Beer_Ingredients(Beer_id, ingredients) VALUES (8, 'Eau');
INSERT INTO Beer_Ingredients(Beer_id, ingredients) VALUES (8, 'Malt d''orge');
INSERT INTO Beer_Ingredients(Beer_id, ingredients) VALUES (8, 'Malt de blé');
INSERT INTO Beer_Ingredients(Beer_id, ingredients) VALUES (8, 'Houblons');
INSERT INTO Beer_Ingredients(Beer_id, ingredients) VALUES (9, 'Eau');
INSERT INTO Beer_Ingredients(Beer_id, ingredients) VALUES (9, 'Malt d''orge');
INSERT INTO Beer_Ingredients(Beer_id, ingredients) VALUES (9, 'Malt de blé');
INSERT INTO Beer_Ingredients(Beer_id, ingredients) VALUES (9, 'Houblons');
INSERT INTO Beer_Ingredients(Beer_id, ingredients) VALUES (10, 'Eau');
INSERT INTO Beer_Ingredients(Beer_id, ingredients) VALUES (10, 'Malt d''orge');
INSERT INTO Beer_Ingredients(Beer_id, ingredients) VALUES (10, 'Malt de blé');
INSERT INTO Beer_Ingredients(Beer_id, ingredients) VALUES (10, 'Houblons');
